AAA,20477
AAC,12548
AAG,21435
AAT,11858
ACA,15006
ACC,17861
ACG,9098
ACT,14905
AGA,23804
AGC,27771
AGG,30064
AGT,16477
ATA,7695
ATC,11691
ATG,12099
ATT,13512
CAA,14354
CAC,18467
CAG,32519
CAT,12552
CCA,25091
CCC,41299
CCG,30393
CCT,31333
CGA,11339
CGC,29270
CGG,30951
CGT,10478
CTA,9747
CTC,30237
CTG,35096
CTT,20983
GAA,21468
GAC,17754
GAG,33790
GAT,12250
GCA,21893
GCC,41159
GCG,30550
GCT,27088
GGA,30924
GGC,39890
GGG,40114
GGT,18454
GTA,8473
GTC,17005
GTG,23580
GTT,14457
TAA,10052
TAC,8111
TAG,10255
TAT,8261
TCA,15967
TCC,28327
TCG,12037
TCT,22652
TGA,19101
TGC,23581
TGG,28144
TGT,17910
TTA,10784
TTC,20182
TTG,18010
TTT,24891
